<?xml version="1.0" encoding="utf-8"?>
<!--/266380/1647007/2.50/2/4/Capacitor/-->
<quadcept_library>
  <setting unit="mil" />
  <textstyle name="Default" height="47.244094488189" strokewidth="7.8740157480315" charwidth="47.244094488189" />
  <textstyle name="Dimension" height="19.6850393700787" strokewidth="0" charwidth="19.6850393700787" />
  <textstyle name="H127W0635TH00762" height="50" strokewidth="3" charwidth="25" />
  <textstyle name="H15W15TH02" height="59.0551181102362" strokewidth="7.8740157480315" charwidth="59.0551181102362" />
  <padstyle name="c121_h71" surface="False" plated="True" isvia="False" nopaste="True" nomask="True" complex="False" holesize="27.952755905511">
    <padshape layer="TOP" shape="round" width="47.63779527559" height="47.63779527559" />
    <padshape layer="TOP_SOLDER_MASK" shape="round" width="55.511811023621" height="55.511811023621" />
    <padshape layer="INNER" shape="round" width="47.63779527559" height="47.63779527559" />
    <padshape layer="BOTTOM" shape="round" width="47.63779527559" height="47.63779527559" />
    <padshape layer="BOTTOM_SOLDER_MASK" shape="round" width="55.511811023621" height="55.511811023621" />
  </padstyle>
  <footprint name="SR211C104KARTR1" originx="0" originy="0" pickpointx="0" pickpointy="0">
    <pcbpin number="1" name="1" style="c121_h71" originx="0" originy="0" rotation="90" />
    <pcbpin number="2" name="2" style="c121_h71" originx="200" originy="0" rotation="90" />
    <line layer="TOP_ASSEMBLY" originx="0" originy="62.480314960629" endx="200" endy="62.480314960629" width="7.8740157480314" />
    <line layer="TOP_ASSEMBLY" originx="200" originy="62.480314960629" endx="200" endy="-62.480314960629" width="7.8740157480314" />
    <line layer="TOP_ASSEMBLY" originx="200" originy="-62.480314960629" endx="0" endy="-62.480314960629" width="7.8740157480314" />
    <line layer="TOP_ASSEMBLY" originx="0" originy="-62.480314960629" endx="0" endy="62.480314960629" width="7.8740157480314" />
    <line layer="TOP_PLACE_BOUND" originx="-63.188976377952" originy="101.85039370079" endx="263.18897637795" endy="101.85039370079" width="3.9370078740157" />
    <line layer="TOP_PLACE_BOUND" originx="263.18897637795" originy="101.85039370079" endx="263.18897637795" endy="-101.85039370079" width="3.9370078740157" />
    <line layer="TOP_PLACE_BOUND" originx="263.18897637795" originy="-101.85039370079" endx="-63.188976377952" endy="-101.85039370079" width="3.9370078740157" />
    <line layer="TOP_PLACE_BOUND" originx="-63.188976377952" originy="-101.85039370079" endx="-63.188976377952" endy="101.85039370079" width="3.9370078740157" />
    <line layer="TOP_SILKSCREEN" originx="0" originy="39.370078740157" endx="0" endy="62.480314960629" width="3.9370078740157" />
    <line layer="TOP_SILKSCREEN" originx="0" originy="62.480314960629" endx="200" endy="62.480314960629" width="3.9370078740157" />
    <line layer="TOP_SILKSCREEN" originx="200" originy="62.480314960629" endx="200" endy="39.370078740157" width="3.9370078740157" />
    <line layer="TOP_SILKSCREEN" originx="0" originy="-39.370078740157" endx="0" endy="-62.480314960629" width="3.9370078740157" />
    <line layer="TOP_SILKSCREEN" originx="0" originy="-62.480314960629" endx="200" endy="-62.480314960629" width="3.9370078740157" />
    <line layer="TOP_SILKSCREEN" originx="200" originy="-62.480314960629" endx="200" endy="-39.370078740157" width="3.9370078740157" />
  </footprint>
  <symbol name="SR211C104KARTR1" originx="0" originy="0">
    <line originx="220" originy="100" endx="220" endy="-100" width="0" />
    <line originx="280" originy="100" endx="280" endy="-100" width="0" />
    <line originx="200" originy="0" endx="220" endy="0" width="0" />
    <line originx="280" originy="0" endx="300" endy="0" width="0" />
    <sympin number="1" originx="200" originy="0" rotation="180" length="100" width="7.8740157480315" flipped="False">
      <text name="pinname" originx="0" originy="-10" style="Default" rotation="0" justify="upperleft" flipped="False" hidden="True" data="1" />
      <text name="pindes" originx="0" originy="10" style="Default" rotation="0" justify="lowerleft" flipped="False" hidden="False" data="1" />
    </sympin>
    <sympin number="2" originx="300" originy="0" rotation="0" length="100" width="7.8740157480315" flipped="False">
      <text name="pinname" originx="500" originy="-10" style="Default" rotation="0" justify="upperright" flipped="False" hidden="True" data="2" />
      <text name="pindes" originx="500" originy="10" style="Default" rotation="0" justify="lowerright" flipped="False" hidden="False" data="2" />
    </sympin>
  </symbol>
  <component name="SR211C104KARTR1" designatorprefix="C" height="200" footprint="SR211C104KARTR1">
    <comppin designator="1" sympin="1" pinswap="0" gateswap="0" gate="1" group="1" side="" type="Any" name="1" />
    <comppin designator="2" sympin="2" pinswap="0" gateswap="0" gate="1" group="1" side="" type="Any" name="2" />
    <attached_symbol gate="1" name="SR211C104KARTR1" />
    <pinmap designator="1" footprintpin="1" />
    <pinmap designator="2" footprintpin="2" />
    <text name="Datasheet" originx="0" originy="0" style="Default" rotation="0" justify="" flipped="False" hidden="True" data="http://datasheets.avx.com/SR-Series.pdf" />
    <text name="Description" originx="0" originy="0" style="Default" rotation="0" justify="" flipped="False" hidden="True" data="AVX 100nF Multilayer Ceramic Capacitor MLCC 100V dc +/-10% X7R Dielectric SR21 Radial, Max. Temp. +125C" />
    <text name="Manufacturer_Name" originx="0" originy="0" style="Default" rotation="0" justify="" flipped="False" hidden="True" data="Kyocera AVX" />
    <text name="Manufacturer_Part_Number" originx="350" originy="150" style="Default" rotation="0" justify="left" flipped="False" hidden="False" data="SR211C104KARTR1" />
    <text name="Mouser Part Number" originx="0" originy="0" style="Default" rotation="0" justify="" flipped="False" hidden="True" data="581-SR211C104KARTR1" />
    <text name="Mouser Price/Stock" originx="0" originy="0" style="Default" rotation="0" justify="" flipped="False" hidden="True" data="https://www.mouser.co.uk/ProductDetail/KYOCERA-AVX/SR211C104KARTR1?qs=VbDyUod5BIevel8oj7CoQQ%3D%3D" />
    <text name="Arrow Part Number" originx="0" originy="0" style="Default" rotation="0" justify="" flipped="False" hidden="True" data="SR211C104KARTR1" />
    <text name="Arrow Price/Stock" originx="0" originy="0" style="Default" rotation="0" justify="" flipped="False" hidden="True" data="https://www.arrow.com/en/products/sr211c104kartr1/avx?utm_currency=USD&amp;region=europe" />
  </component>
</quadcept_library>
