<?xml version="1.0" encoding="utf-8"?>
<!--/435903/1647007/2.50/2/2/Resistor/-->
<quadcept_library>
  <setting unit="mil" />
  <textstyle name="Default" height="47.244094488189" strokewidth="7.8740157480315" charwidth="47.244094488189" />
  <textstyle name="Dimension" height="19.6850393700787" strokewidth="0" charwidth="19.6850393700787" />
  <textstyle name="H127W0635TH00762" height="50" strokewidth="3" charwidth="25" />
  <textstyle name="H15W15TH02" height="59.0551181102362" strokewidth="7.8740157480315" charwidth="59.0551181102362" />
  <padstyle name="c120_h80" surface="False" plated="True" isvia="False" nopaste="True" nomask="True" complex="False" holesize="31.496062992126">
    <padshape layer="TOP" shape="round" width="47.244094488188" height="47.244094488188" />
    <padshape layer="TOP_SOLDER_MASK" shape="round" width="55.11811023622" height="55.11811023622" />
    <padshape layer="INNER" shape="round" width="47.244094488188" height="47.244094488188" />
    <padshape layer="BOTTOM" shape="round" width="47.244094488188" height="47.244094488188" />
    <padshape layer="BOTTOM_SOLDER_MASK" shape="round" width="55.11811023622" height="55.11811023622" />
  </padstyle>
  <footprint name="RESAD1550W60L630D230" originx="0" originy="0" pickpointx="0" pickpointy="0">
    <pcbpin number="1" name="1" style="c120_h80" originx="0" originy="0" rotation="90" />
    <pcbpin number="2" name="2" style="c120_h80" originx="610.23622047243" originy="0" rotation="90" />
    <line layer="TOP_PLACE_BOUND" originx="-33.464566929133" originy="59.055118110235" endx="643.70078740157" endy="59.055118110235" width="1.9685039370079" />
    <line layer="TOP_PLACE_BOUND" originx="643.70078740157" originy="59.055118110235" endx="643.70078740157" endy="-59.055118110235" width="1.9685039370079" />
    <line layer="TOP_PLACE_BOUND" originx="643.70078740157" originy="-59.055118110235" endx="-33.464566929133" endy="-59.055118110235" width="1.9685039370079" />
    <line layer="TOP_PLACE_BOUND" originx="-33.464566929133" originy="-59.055118110235" endx="-33.464566929133" endy="59.055118110235" width="1.9685039370079" />
    <line layer="TOP_ASSEMBLY" originx="181.10236220472" originy="45.275590551181" endx="429.13385826771" endy="45.275590551181" width="3.9370078740157" />
    <line layer="TOP_ASSEMBLY" originx="429.13385826771" originy="45.275590551181" endx="429.13385826771" endy="-45.275590551181" width="3.9370078740157" />
    <line layer="TOP_ASSEMBLY" originx="429.13385826771" originy="-45.275590551181" endx="181.10236220472" endy="-45.275590551181" width="3.9370078740157" />
    <line layer="TOP_ASSEMBLY" originx="181.10236220472" originy="-45.275590551181" endx="181.10236220472" endy="45.275590551181" width="3.9370078740157" />
    <line layer="TOP_ASSEMBLY" originx="0" originy="0" endx="181.10236220472" endy="0" width="3.9370078740157" />
    <line layer="TOP_ASSEMBLY" originx="429.13385826771" originy="0" endx="610.23622047243" endy="0" width="3.9370078740157" />
    <line layer="TOP_SILKSCREEN" originx="181.10236220472" originy="45.275590551181" endx="429.13385826771" endy="45.275590551181" width="7.8740157480314" />
    <line layer="TOP_SILKSCREEN" originx="429.13385826771" originy="45.275590551181" endx="429.13385826771" endy="-45.275590551181" width="7.8740157480314" />
    <line layer="TOP_SILKSCREEN" originx="429.13385826771" originy="-45.275590551181" endx="181.10236220472" endy="-45.275590551181" width="7.8740157480314" />
    <line layer="TOP_SILKSCREEN" originx="181.10236220472" originy="-45.275590551181" endx="181.10236220472" endy="45.275590551181" width="7.8740157480314" />
    <line layer="TOP_SILKSCREEN" originx="37.401574803149" originy="0" endx="181.10236220472" endy="0" width="7.8740157480314" />
    <line layer="TOP_SILKSCREEN" originx="429.13385826771" originy="0" endx="572.83464566928" endy="0" width="7.8740157480314" />
  </footprint>
  <symbol name="YR1B2K0CC" originx="0" originy="0">
    <line originx="200" originy="50" endx="500" endy="50" width="0" />
    <line originx="500" originy="-50" endx="500" endy="50" width="0" />
    <line originx="500" originy="-50" endx="200" endy="-50" width="0" />
    <line originx="200" originy="50" endx="200" endy="-50" width="0" />
    <sympin number="1" originx="200" originy="0" rotation="180" length="100" width="7.8740157480315" flipped="False">
      <text name="pinname" originx="0" originy="-10" style="Default" rotation="0" justify="upperleft" flipped="False" hidden="True" data="1" />
      <text name="pindes" originx="0" originy="10" style="Default" rotation="0" justify="lowerleft" flipped="False" hidden="False" data="1" />
    </sympin>
    <sympin number="2" originx="500" originy="0" rotation="0" length="100" width="7.8740157480315" flipped="False">
      <text name="pinname" originx="700" originy="-10" style="Default" rotation="0" justify="upperright" flipped="False" hidden="True" data="2" />
      <text name="pindes" originx="700" originy="10" style="Default" rotation="0" justify="lowerright" flipped="False" hidden="False" data="2" />
    </sympin>
  </symbol>
  <component name="YR1B2K0CC" designatorprefix="R" height="0" footprint="RESAD1550W60L630D230">
    <comppin designator="1" sympin="1" pinswap="0" gateswap="0" gate="1" group="1" side="" type="Any" name="1" />
    <comppin designator="2" sympin="2" pinswap="0" gateswap="0" gate="1" group="1" side="" type="Any" name="2" />
    <attached_symbol gate="1" name="YR1B2K0CC" />
    <pinmap designator="1" footprintpin="1" />
    <pinmap designator="2" footprintpin="2" />
    <text name="Datasheet" originx="0" originy="0" style="Default" rotation="0" justify="" flipped="False" hidden="True" data="https://www.te.com/commerce/DocumentDelivery/DDEController?Action=srchrtrv&amp;DocNm=1309350_PASSIVE_COMPONENT&amp;DocType=Catalog Section&amp;DocLang=English&amp;PartCntxt=7-1676913-9&amp;DocFormat=pdf" />
    <text name="Description" originx="0" originy="0" style="Default" rotation="0" justify="" flipped="False" hidden="True" data="Body Features: Lead Type Axial-Leaded | Configuration Features: Number of Resistors 1 | Dimensions: Passive Component Dimensions 6.3 x 2.3 MM | Electrical Characteristics: Resistance Class 1k  1M | Passive Component Tolerance .1 PCT | Power Rating .25 WATT | Resistance Value 2K OHM | Operating Voltage 250 V | Packaging Features: Packaging Method Ammo Packed | Product Type Features: Resistor Type Precision Resistor | Element Type Thin Film | Termination Features: Number of Terminations 2 | Termination" />
    <text name="Manufacturer_Name" originx="0" originy="0" style="Default" rotation="0" justify="" flipped="False" hidden="True" data="TE Connectivity" />
    <text name="Manufacturer_Part_Number" originx="550" originy="150" style="Default" rotation="0" justify="left" flipped="False" hidden="False" data="YR1B2K0CC" />
    <text name="Mouser Part Number" originx="0" originy="0" style="Default" rotation="0" justify="" flipped="False" hidden="True" data="279-YR1B2K0CC" />
    <text name="Mouser Price/Stock" originx="0" originy="0" style="Default" rotation="0" justify="" flipped="False" hidden="True" data="https://www.mouser.co.uk/ProductDetail/TE-Connectivity-Holsworthy/YR1B2K0CC?qs=VHcS2MTj4gZrRDOEg27XKQ%3D%3D" />
    <text name="Arrow Part Number" originx="0" originy="0" style="Default" rotation="0" justify="" flipped="False" hidden="True" data="YR1B2K0CC" />
    <text name="Arrow Price/Stock" originx="0" originy="0" style="Default" rotation="0" justify="" flipped="False" hidden="True" data="https://www.arrow.com/en/products/yr1b2k0cc/te-connectivity" />
  </component>
</quadcept_library>
