<?xml version="1.0" encoding="utf-8"?>
<!--/565055/1647007/2.50/2/2/Capacitor/-->
<quadcept_library>
  <setting unit="mil" />
  <textstyle name="Default" height="47.244094488189" strokewidth="7.8740157480315" charwidth="47.244094488189" />
  <textstyle name="Dimension" height="19.6850393700787" strokewidth="0" charwidth="19.6850393700787" />
  <textstyle name="H127W0635TH00762" height="50" strokewidth="3" charwidth="25" />
  <textstyle name="H15W15TH02" height="59.0551181102362" strokewidth="7.8740157480315" charwidth="59.0551181102362" />
  <padstyle name="c125_h70" surface="False" plated="True" isvia="False" nopaste="True" nomask="True" complex="False" holesize="27.55905511811">
    <padshape layer="TOP" shape="round" width="49.212598425196" height="49.212598425196" />
    <padshape layer="TOP_SOLDER_MASK" shape="round" width="57.086614173228" height="57.086614173228" />
    <padshape layer="INNER" shape="round" width="49.212598425196" height="49.212598425196" />
    <padshape layer="BOTTOM" shape="round" width="49.212598425196" height="49.212598425196" />
    <padshape layer="BOTTOM_SOLDER_MASK" shape="round" width="57.086614173228" height="57.086614173228" />
  </padstyle>
  <padstyle name="s125_h70" surface="False" plated="True" isvia="False" nopaste="True" nomask="True" complex="False" holesize="27.55905511811">
    <padshape layer="TOP" shape="square" width="49.212598425196" height="49.212598425196" />
    <padshape layer="TOP_SOLDER_MASK" shape="square" width="57.086614173228" height="57.086614173228" />
    <padshape layer="INNER" shape="round" width="49.212598425196" height="49.212598425196" />
    <padshape layer="BOTTOM" shape="square" width="49.212598425196" height="49.212598425196" />
    <padshape layer="BOTTOM_SOLDER_MASK" shape="square" width="57.086614173228" height="57.086614173228" />
  </padstyle>
  <footprint name="FG20" originx="0" originy="0" pickpointx="0" pickpointy="0">
    <pcbpin number="1" name="1" style="s125_h70" originx="0" originy="0" rotation="90" />
    <pcbpin number="2" name="2" style="c125_h70" originx="196.85039370078" originy="0" rotation="90" />
    <line layer="TOP_ASSEMBLY" originx="68.897637795275" originy="78.740157480314" endx="127.95275590551" endy="78.740157480314" width="7.8740157480314" />
    <arc layer="TOP_ASSEMBLY" originx="127.95275590551" originy="0" startangle="90.0" sweepangle="-180.0" radius="78.740157480314" width="7.8740157480314" />
    <line layer="TOP_ASSEMBLY" originx="127.95275590551" originy="-78.740157480314" endx="68.897637795275" endy="-78.740157480314" width="7.8740157480314" />
    <arc layer="TOP_ASSEMBLY" originx="68.897637795275" originy="0" startangle="270.0" sweepangle="-180.0" radius="78.740157480314" width="7.8740157480314" />
    <arc layer="TOP_SILKSCREEN" originx="-72.83464566929" originy="0" startangle="180" sweepangle="180" radius="1.9685039370078" width="7.8740157480314" />
    <arc layer="TOP_SILKSCREEN" originx="-72.83464566929" originy="0" startangle="180" sweepangle="-180" radius="1.9685039370078" width="7.8740157480314" />
    <line layer="TOP_PLACE_BOUND" originx="-116.14173228346" originy="125.9842519685" endx="260.82677165354" endy="125.9842519685" width="1.9685039370079" />
    <line layer="TOP_PLACE_BOUND" originx="260.82677165354" originy="125.9842519685" endx="260.82677165354" endy="-125.9842519685" width="1.9685039370079" />
    <line layer="TOP_PLACE_BOUND" originx="260.82677165354" originy="-125.9842519685" endx="-116.14173228346" endy="-125.9842519685" width="1.9685039370079" />
    <line layer="TOP_PLACE_BOUND" originx="-116.14173228346" originy="-125.9842519685" endx="-116.14173228346" endy="125.9842519685" width="1.9685039370079" />
  </footprint>
  <symbol name="FG20X7R1C226MRT06" originx="0" originy="0">
    <line originx="220" originy="100" endx="220" endy="-100" width="0" />
    <line originx="280" originy="100" endx="280" endy="-100" width="0" />
    <line originx="200" originy="0" endx="220" endy="0" width="0" />
    <line originx="280" originy="0" endx="300" endy="0" width="0" />
    <sympin number="1" originx="200" originy="0" rotation="180" length="100" width="7.8740157480315" flipped="False">
      <text name="pinname" originx="0" originy="-10" style="Default" rotation="0" justify="upperleft" flipped="False" hidden="True" data="1" />
      <text name="pindes" originx="0" originy="10" style="Default" rotation="0" justify="lowerleft" flipped="False" hidden="False" data="1" />
    </sympin>
    <sympin number="2" originx="300" originy="0" rotation="0" length="100" width="7.8740157480315" flipped="False">
      <text name="pinname" originx="500" originy="-10" style="Default" rotation="0" justify="upperright" flipped="False" hidden="True" data="2" />
      <text name="pindes" originx="500" originy="10" style="Default" rotation="0" justify="lowerright" flipped="False" hidden="False" data="2" />
    </sympin>
  </symbol>
  <component name="FG20X7R1C226MRT06" designatorprefix="C" height="216.53543307086" footprint="FG20">
    <comppin designator="1" sympin="1" pinswap="0" gateswap="0" gate="1" group="1" side="" type="Any" name="1" />
    <comppin designator="2" sympin="2" pinswap="0" gateswap="0" gate="1" group="1" side="" type="Any" name="2" />
    <attached_symbol gate="1" name="FG20X7R1C226MRT06" />
    <pinmap designator="1" footprintpin="1" />
    <pinmap designator="2" footprintpin="2" />
    <text name="Datasheet" originx="0" originy="0" style="Default" rotation="0" justify="" flipped="False" hidden="True" data="https://product.tdk.com/system/files/dam/doc/product/capacitor/ceramic/lead-mlcc/catalog/leadmlcc_halogenfree_fg_en.pdf" />
    <text name="Description" originx="0" originy="0" style="Default" rotation="0" justify="" flipped="False" hidden="True" data="MLCC with Dipped Radial Lead, Capacitance=22?F, LxWxT:5.5x7x4mm, Lead pitch:5mm" />
    <text name="Manufacturer_Name" originx="0" originy="0" style="Default" rotation="0" justify="" flipped="False" hidden="True" data="TDK" />
    <text name="Manufacturer_Part_Number" originx="350" originy="150" style="Default" rotation="0" justify="left" flipped="False" hidden="False" data="FG20X7R1C226MRT06" />
    <text name="Mouser Part Number" originx="0" originy="0" style="Default" rotation="0" justify="" flipped="False" hidden="True" data="810-FG20X7R1C226MRT6" />
    <text name="Mouser Price/Stock" originx="0" originy="0" style="Default" rotation="0" justify="" flipped="False" hidden="True" data="https://www.mouser.co.uk/ProductDetail/TDK/FG20X7R1C226MRT06?qs=qf2ddTMq67WyJ0TFf7dwFQ%3D%3D" />
    <text name="Arrow Part Number" originx="0" originy="0" style="Default" rotation="0" justify="" flipped="False" hidden="True" data="" />
    <text name="Arrow Price/Stock" originx="0" originy="0" style="Default" rotation="0" justify="" flipped="False" hidden="True" data="" />
  </component>
</quadcept_library>
