<?xml version="1.0" encoding="utf-8"?>
<!--/546778/1647007/2.50/9/4/Switch/-->
<quadcept_library>
  <setting unit="mil" />
  <textstyle name="Default" height="47.244094488189" strokewidth="7.8740157480315" charwidth="47.244094488189" />
  <textstyle name="Dimension" height="19.6850393700787" strokewidth="0" charwidth="19.6850393700787" />
  <textstyle name="H127W0635TH00762" height="50" strokewidth="3" charwidth="25" />
  <textstyle name="H15W15TH02" height="59.0551181102362" strokewidth="7.8740157480315" charwidth="59.0551181102362" />
  <padstyle name="c222_h148" surface="False" plated="True" isvia="False" nopaste="True" nomask="True" complex="False" holesize="58.267716535432">
    <padshape layer="TOP" shape="round" width="87.401574803149" height="87.401574803149" />
    <padshape layer="TOP_SOLDER_MASK" shape="round" width="95.27559055118" height="95.27559055118" />
    <padshape layer="INNER" shape="round" width="87.401574803149" height="87.401574803149" />
    <padshape layer="BOTTOM" shape="round" width="87.401574803149" height="87.401574803149" />
    <padshape layer="BOTTOM_SOLDER_MASK" shape="round" width="95.27559055118" height="95.27559055118" />
  </padstyle>
  <footprint name="SF17020F030221RL015" originx="0" originy="0" pickpointx="0" pickpointy="0">
    <pcbpin number="1" name="1" style="c222_h148" originx="208.66141732283" originy="-188.97637795275" rotation="90" />
    <pcbpin number="2" name="2" style="c222_h148" originx="208.66141732283" originy="-0" rotation="90" />
    <pcbpin number="3" name="3" style="c222_h148" originx="208.66141732283" originy="188.97637795275" rotation="90" />
    <pcbpin number="4" name="4" style="c222_h148" originx="0" originy="-188.97637795275" rotation="90" />
    <pcbpin number="5" name="5" style="c222_h148" originx="0" originy="-0" rotation="90" />
    <pcbpin number="6" name="6" style="c222_h148" originx="0" originy="188.97637795275" rotation="90" />
    <pcbpin number="7" name="7" style="c222_h148" originx="-208.66141732283" originy="-188.97637795275" rotation="90" />
    <pcbpin number="8" name="8" style="c222_h148" originx="-208.66141732283" originy="-0" rotation="90" />
    <pcbpin number="9" name="9" style="c222_h148" originx="-208.66141732283" originy="188.97637795275" rotation="90" />
    <line layer="TOP_ASSEMBLY" originx="-385.82677165354" originy="334.64566929133" endx="385.82677165354" endy="334.64566929133" width="7.8740157480314" />
    <line layer="TOP_ASSEMBLY" originx="385.82677165354" originy="334.64566929133" endx="385.82677165354" endy="-334.64566929133" width="7.8740157480314" />
    <line layer="TOP_ASSEMBLY" originx="385.82677165354" originy="-334.64566929133" endx="-385.82677165354" endy="-334.64566929133" width="7.8740157480314" />
    <line layer="TOP_ASSEMBLY" originx="-385.82677165354" originy="-334.64566929133" endx="-385.82677165354" endy="334.64566929133" width="7.8740157480314" />
    <line layer="TOP_SILKSCREEN" originx="-385.82677165354" originy="334.64566929133" endx="385.82677165354" endy="334.64566929133" width="3.9370078740157" />
    <line layer="TOP_SILKSCREEN" originx="385.82677165354" originy="334.64566929133" endx="385.82677165354" endy="-334.64566929133" width="3.9370078740157" />
    <line layer="TOP_SILKSCREEN" originx="385.82677165354" originy="-334.64566929133" endx="-385.82677165354" endy="-334.64566929133" width="3.9370078740157" />
    <line layer="TOP_SILKSCREEN" originx="-385.82677165354" originy="-334.64566929133" endx="-385.82677165354" endy="334.64566929133" width="3.9370078740157" />
    <line layer="TOP_PLACE_BOUND" originx="-425.1968503937" originy="374.01574803149" endx="425.1968503937" endy="374.01574803149" width="3.9370078740157" />
    <line layer="TOP_PLACE_BOUND" originx="425.1968503937" originy="374.01574803149" endx="425.1968503937" endy="-374.01574803149" width="3.9370078740157" />
    <line layer="TOP_PLACE_BOUND" originx="425.1968503937" originy="-374.01574803149" endx="-425.1968503937" endy="-374.01574803149" width="3.9370078740157" />
    <line layer="TOP_PLACE_BOUND" originx="-425.1968503937" originy="-374.01574803149" endx="-425.1968503937" endy="374.01574803149" width="3.9370078740157" />
  </footprint>
  <symbol name="SF17020F-0302-21R-L-015" originx="0" originy="0">
    <line originx="200" originy="100" endx="600" endy="100" width="0" />
    <line originx="600" originy="-500" endx="600" endy="100" width="0" />
    <line originx="600" originy="-500" endx="200" endy="-500" width="0" />
    <line originx="200" originy="100" endx="200" endy="-500" width="0" />
    <sympin number="1" originx="200" originy="0" rotation="180" length="100" width="7.8740157480315" flipped="False">
      <text name="pinname" originx="230" originy="0" style="Default" rotation="0" justify="left" flipped="False" hidden="False" data="1" />
      <text name="pindes" originx="140" originy="20" style="Default" rotation="0" justify="lowerright" flipped="False" hidden="False" data="1" />
    </sympin>
    <sympin number="2" originx="200" originy="-100" rotation="180" length="100" width="7.8740157480315" flipped="False">
      <text name="pinname" originx="230" originy="-100" style="Default" rotation="0" justify="left" flipped="False" hidden="False" data="2" />
      <text name="pindes" originx="140" originy="-80" style="Default" rotation="0" justify="lowerright" flipped="False" hidden="False" data="2" />
    </sympin>
    <sympin number="3" originx="200" originy="-200" rotation="180" length="100" width="7.8740157480315" flipped="False">
      <text name="pinname" originx="230" originy="-200" style="Default" rotation="0" justify="left" flipped="False" hidden="False" data="3" />
      <text name="pindes" originx="140" originy="-180" style="Default" rotation="0" justify="lowerright" flipped="False" hidden="False" data="3" />
    </sympin>
    <sympin number="4" originx="200" originy="-300" rotation="180" length="100" width="7.8740157480315" flipped="False">
      <text name="pinname" originx="230" originy="-300" style="Default" rotation="0" justify="left" flipped="False" hidden="False" data="4" />
      <text name="pindes" originx="140" originy="-280" style="Default" rotation="0" justify="lowerright" flipped="False" hidden="False" data="4" />
    </sympin>
    <sympin number="5" originx="200" originy="-400" rotation="180" length="100" width="7.8740157480315" flipped="False">
      <text name="pinname" originx="230" originy="-400" style="Default" rotation="0" justify="left" flipped="False" hidden="False" data="5" />
      <text name="pindes" originx="140" originy="-380" style="Default" rotation="0" justify="lowerright" flipped="False" hidden="False" data="5" />
    </sympin>
    <sympin number="6" originx="600" originy="0" rotation="0" length="100" width="7.8740157480315" flipped="False">
      <text name="pinname" originx="570" originy="0" style="Default" rotation="0" justify="right" flipped="False" hidden="False" data="6" />
      <text name="pindes" originx="660" originy="20" style="Default" rotation="0" justify="lowerleft" flipped="False" hidden="False" data="6" />
    </sympin>
    <sympin number="7" originx="600" originy="-100" rotation="0" length="100" width="7.8740157480315" flipped="False">
      <text name="pinname" originx="570" originy="-100" style="Default" rotation="0" justify="right" flipped="False" hidden="False" data="7" />
      <text name="pindes" originx="660" originy="-80" style="Default" rotation="0" justify="lowerleft" flipped="False" hidden="False" data="7" />
    </sympin>
    <sympin number="8" originx="600" originy="-200" rotation="0" length="100" width="7.8740157480315" flipped="False">
      <text name="pinname" originx="570" originy="-200" style="Default" rotation="0" justify="right" flipped="False" hidden="False" data="8" />
      <text name="pindes" originx="660" originy="-180" style="Default" rotation="0" justify="lowerleft" flipped="False" hidden="False" data="8" />
    </sympin>
    <sympin number="9" originx="600" originy="-300" rotation="0" length="100" width="7.8740157480315" flipped="False">
      <text name="pinname" originx="570" originy="-300" style="Default" rotation="0" justify="right" flipped="False" hidden="False" data="9" />
      <text name="pindes" originx="660" originy="-280" style="Default" rotation="0" justify="lowerleft" flipped="False" hidden="False" data="9" />
    </sympin>
  </symbol>
  <component name="SF17020F-0302-21R-L-015" designatorprefix="S" height="1622.0472440945" footprint="SF17020F030221RL015">
    <comppin designator="1" sympin="1" pinswap="0" gateswap="0" gate="1" group="1" side="" type="Any" name="1" />
    <comppin designator="2" sympin="2" pinswap="0" gateswap="0" gate="1" group="1" side="" type="Any" name="2" />
    <comppin designator="3" sympin="3" pinswap="0" gateswap="0" gate="1" group="1" side="" type="Any" name="3" />
    <comppin designator="4" sympin="4" pinswap="0" gateswap="0" gate="1" group="1" side="" type="Any" name="4" />
    <comppin designator="5" sympin="5" pinswap="0" gateswap="0" gate="1" group="1" side="" type="Any" name="5" />
    <comppin designator="6" sympin="6" pinswap="0" gateswap="0" gate="1" group="1" side="" type="Any" name="6" />
    <comppin designator="7" sympin="7" pinswap="0" gateswap="0" gate="1" group="1" side="" type="Any" name="7" />
    <comppin designator="8" sympin="8" pinswap="0" gateswap="0" gate="1" group="1" side="" type="Any" name="8" />
    <comppin designator="9" sympin="9" pinswap="0" gateswap="0" gate="1" group="1" side="" type="Any" name="9" />
    <attached_symbol gate="1" name="SF17020F-0302-21R-L-015" />
    <pinmap designator="1" footprintpin="1" />
    <pinmap designator="2" footprintpin="2" />
    <pinmap designator="3" footprintpin="3" />
    <pinmap designator="4" footprintpin="4" />
    <pinmap designator="5" footprintpin="5" />
    <pinmap designator="6" footprintpin="6" />
    <pinmap designator="7" footprintpin="7" />
    <pinmap designator="8" footprintpin="8" />
    <pinmap designator="9" footprintpin="9" />
    <text name="Datasheet" originx="0" originy="0" style="Default" rotation="0" justify="" flipped="False" hidden="True" data="https://componentsearchengine.com/Datasheets/1/SF17020F-0302-21R-L-015.pdf" />
    <text name="Description" originx="0" originy="0" style="Default" rotation="0" justify="" flipped="False" hidden="True" data="Pushbutton Switches 3PDT STOMP/FOOT SW LATCHING 1A9VDC 9PIN" />
    <text name="Manufacturer_Name" originx="0" originy="0" style="Default" rotation="0" justify="" flipped="False" hidden="True" data="Alpha (Taiwan)" />
    <text name="Manufacturer_Part_Number" originx="650" originy="200" style="Default" rotation="0" justify="left" flipped="False" hidden="False" data="SF17020F-0302-21R-L-015" />
    <text name="Mouser Part Number" originx="0" originy="0" style="Default" rotation="0" justify="" flipped="False" hidden="True" data="107-SF17020F-32-21RL" />
    <text name="Mouser Price/Stock" originx="0" originy="0" style="Default" rotation="0" justify="" flipped="False" hidden="True" data="https://www.mouser.co.uk/ProductDetail/Alpha-Taiwan/SF17020F-0302-21R-L-015?qs=8%252Br4Hz5Xir%252BN8wocvXmKAA%3D%3D" />
    <text name="Arrow Part Number" originx="0" originy="0" style="Default" rotation="0" justify="" flipped="False" hidden="True" data="" />
    <text name="Arrow Price/Stock" originx="0" originy="0" style="Default" rotation="0" justify="" flipped="False" hidden="True" data="" />
  </component>
</quadcept_library>
